batter,total_runs,balls_faced,innings,strike_rate,avg_runs_per_match
A Ashish Reddy,280,196,23,142.86,12.17
A Badoni,634,505,35,125.54,18.11
A Manohar,231,181,15,127.62,15.4
A Mishra,381,440,55,86.59,6.93
A Raghuvanshi,163,109,7,149.54,23.29
A Symonds,974,781,36,124.71,27.06
AA Jhunjhunwala,217,218,15,99.54,14.47
AB Agarkar,179,160,18,111.87,9.94
AB McDonald,123,103,9,119.42,13.67
AB de Villiers,5181,3487,170,148.58,30.48
AC Gilchrist,2069,1555,80,133.05,25.86
AC Voges,181,143,7,126.57,25.86
AD Hales,148,119,6,124.37,24.67
AD Mathews,724,599,41,120.87,17.66
AD Russell,2488,1515,104,164.22,23.92
AJ Finch,2092,1696,90,123.35,23.24
AK Markram,995,787,42,126.43,23.69
AL Menaria,401,367,23,109.26,17.43
AM Nayar,672,588,50,114.29,13.44
AM Rahane,4642,3858,171,120.32,27.15
AP Tare,339,285,27,118.95,12.56
AR Patel,1653,1318,112,125.42,14.76
AS Raut,194,172,16,112.79,12.12
AT Rayudu,4348,3490,185,124.58,23.5
Abdul Samad,579,408,39,141.91,14.85
Abhishek Sharma,1377,925,61,148.86,22.57
Abishek Porel,360,244,16,147.54,22.5
Aman Hakim Khan,115,109,10,105.5,11.5
Anmolpreet Singh,139,117,9,118.8,15.44
Anuj Rawat,318,276,21,115.22,15.14
Ashutosh Sharma,189,118,9,160.17,21.0
Atharva Taide,247,177,9,139.55,27.44
Azhar Mahmood,388,311,21,124.76,18.48
B Chipli,280,256,21,109.38,13.33
B Kumar,306,338,65,90.53,4.71
B Lee,124,102,19,121.57,6.53
B Sai Sudharsan,1034,770,25,134.29,41.36
BA Stokes,935,718,43,130.22,21.74
BB McCullum,2882,2272,109,126.85,26.44
BB Samantray,125,116,8,107.76,15.62
BCJ Cutting,238,146,17,163.01,14.0
BJ Hodge,1400,1153,63,121.42,22.22
BJ Rohrer,193,146,8,132.19,24.12
Bipul Sharma,187,124,17,150.81,11.0
C Green,707,472,28,149.79,25.25
C Munro,177,144,11,122.92,16.09
C de Grandhomme,303,229,21,132.31,14.43
CA Ingram,205,183,15,112.02,13.67
CA Lynn,1329,974,42,136.45,31.64
CA Pujara,390,403,22,96.77,17.73
CH Gayle,4997,3516,141,142.12,35.44
CH Morris,618,413,49,149.64,12.61
CJ Anderson,538,436,29,123.39,18.55
CJ Ferguson,98,119,8,82.35,12.25
CL White,971,774,45,125.45,21.58
CM Gautam,169,158,13,106.96,13.0
CR Brathwaite,181,120,14,150.83,12.93
D Brevis,230,176,10,130.68,23.0
D Padikkal,1559,1323,64,117.84,24.36
D Wiese,148,105,11,140.95,13.45
DA Miller,2924,2171,123,134.68,23.77
DA Warner,6567,4849,184,135.43,35.69
DB Das,304,267,22,113.86,13.82
DB Ravi Teja,375,325,25,115.38,15.0
DH Yagnik,170,142,17,119.72,10.0
DJ Bravo,1560,1247,110,125.1,14.18
DJ Harris,111,103,4,107.77,27.75
DJ Hooda,1466,1170,96,125.3,15.27
DJ Hussey,1322,1101,61,120.07,21.67
DJ Jacobs,92,101,7,91.09,13.14
DJ Mitchell,351,274,15,128.1,23.4
DJG Sammy,295,251,20,117.53,14.75
DJM Short,115,102,7,112.75,16.43
DL Vettori,121,118,16,102.54,7.56
DP Conway,924,669,22,138.12,42.0
DPMD Jayawardene,1808,1522,78,118.79,23.18
DR Smith,2385,1803,88,132.28,27.1
DS Kulkarni,104,113,20,92.04,5.2
DT Christian,460,408,41,112.75,11.22
DW Steyn,167,163,33,102.45,5.06
Dhruv Jurel,347,237,22,146.41,15.77
E Lewis,654,499,26,131.06,25.15
EJG Morgan,1406,1181,74,119.05,19.0
F du Plessis,4571,3435,138,133.07,33.12
FY Fazal,183,179,11,102.23,16.64
G Gambhir,4217,3524,151,119.67,27.93
GC Smith,739,691,29,106.95,25.48
GH Vihari,284,331,23,85.8,12.35
GJ Bailey,663,552,36,120.11,18.42
GJ Maxwell,2772,1842,128,150.49,21.66
Gurkeerat Singh,511,436,32,117.2,15.97
H Klaasen,993,613,32,161.99,31.03
HC Brook,190,159,11,119.5,17.27
HH Gibbs,886,837,36,105.85,24.61
HH Pandya,2534,1814,128,139.69,19.8
HM Amla,577,418,16,138.04,36.06
HV Patel,249,214,37,116.36,6.73
Harbhajan Singh,833,636,88,130.97,9.47
Harpreet Brar,233,201,24,115.92,9.71
Harpreet Singh,123,119,8,103.36,15.38
IK Pathan,1150,985,82,116.75,14.02
IR Jaggi,76,100,7,76.0,10.86
Ishan Kishan,2644,1991,99,132.8,26.71
J Botha,409,364,28,112.36,14.61
J Fraser-McGurk,330,150,9,220.0,36.67
JA Morkel,975,712,67,136.94,14.55
JC Archer,199,132,23,150.76,8.65
JC Buttler,3583,2519,106,142.24,33.8
JD Ryder,604,466,29,129.61,20.83
JD Unadkat,197,170,27,115.88,7.3
JDP Oram,106,110,11,96.36,9.64
JEC Franklin,327,309,16,105.83,20.44
JH Kallis,2427,2291,95,105.94,25.55
JJ Roy,614,460,21,133.48,29.24
JM Bairstow,1589,1132,50,140.37,31.78
JM Sharma,730,501,36,145.71,20.28
JO Holder,259,217,27,119.35,9.59
JP Duminy,2029,1680,75,120.77,27.05
JP Faulkner,527,406,45,129.8,11.71
JR Hopes,417,314,19,132.8,21.95
K Goel,218,239,16,91.21,13.62
K Gowtham,247,159,27,155.35,9.15
K Rabada,206,207,28,99.52,7.36
KA Pollard,3437,2447,168,140.46,20.46
KC Sangakkara,1687,1424,68,118.47,24.81
KD Karthik,4843,3687,233,131.35,20.79
KH Pandya,1647,1287,107,127.97,15.39
KK Nair,1496,1192,68,125.5,22.0
KL Rahul,4689,3578,122,131.05,38.43
KM Jadhav,1208,1012,81,119.37,14.91
KP Pietersen,1001,758,36,132.06,27.81
KR Mayers,379,276,13,137.32,29.15
KS Bharat,199,168,8,118.45,24.88
KS Williamson,2132,1734,76,122.95,28.05
KV Sharma,351,306,39,114.71,9.0
Kuldeep Yadav,183,224,32,81.7,5.72
LA Pomersbach,302,251,16,120.32,18.88
LMP Simmons,1079,878,29,122.89,37.21
LR Shukla,405,358,33,113.13,12.27
LRPL Taylor,1017,847,54,120.07,18.83
LS Livingstone,939,609,39,154.19,24.08
Lalit Yadav,305,301,21,101.33,14.52
M Kaif,259,258,22,100.39,11.77
M Kartik,113,109,14,103.67,8.07
M Manhas,514,486,38,105.76,13.53
M Shahrukh Khan,553,413,37,133.9,14.95
M Vijay,2619,2208,105,118.61,24.94
M Vohra,1083,863,51,125.49,21.24
MA Agarwal,2669,2081,121,128.26,22.06
MA Starc,105,109,16,96.33,6.56
MC Henriques,1000,801,54,124.84,18.52
MC Juneja,125,134,7,93.28,17.86
MD Mishra,237,213,17,111.27,13.94
MEK Hussey,1977,1648,58,119.96,34.09
MF Maharoof,177,124,14,142.74,12.64
MG Johnson,167,168,28,99.4,5.96
MJ Guptill,271,197,13,137.56,20.85
MJ Lumb,278,198,12,140.4,23.17
MK Lomror,527,389,35,135.48,15.06
MK Pandey,3859,3288,158,117.37,24.42
MK Tiwary,1695,1489,83,113.83,20.42
ML Hayden,1107,839,32,131.94,34.59
MM Ali,1162,849,57,136.87,20.39
MM Sharma,124,137,28,90.51,4.43
MN Samuels,161,174,14,92.53,11.5
MN van Wyk,167,135,5,123.7,33.4
MP Stoinis,1866,1366,88,136.6,21.2
MR Marsh,665,532,36,125.0,18.47
MS Bisla,798,737,39,108.28,20.46
MS Dhoni,5243,3947,228,132.84,23.0
MS Wade,183,185,14,98.92,13.07
MV Boucher,394,318,23,123.9,17.13
Mandeep Singh,1706,1418,97,120.31,17.59
Mohammad Nabi,221,157,19,140.76,11.63
Mohammed Siraj,109,122,20,89.34,5.45
N Jagadeesan,162,155,10,104.52,16.2
N Pooran,1769,1143,72,154.77,24.57
N Rana,2636,2015,101,130.82,26.1
N Saini,140,143,10,97.9,14.0
N Wadhera,350,261,16,134.1,21.88
NK Patel,121,124,6,97.58,20.17
NLTC Perera,424,326,30,130.06,14.13
NV Ojha,1554,1360,94,114.26,16.53
Nithish Kumar Reddy,303,221,11,137.1,27.55
OA Shah,506,405,22,124.94,23.0
P Dogra,127,141,12,90.07,10.58
P Kumar,340,323,57,105.26,5.96
P Negi,365,301,35,121.26,10.43
P Simran Singh,756,528,34,143.18,22.24
PA Patel,2848,2442,136,116.63,20.94
PA Reddy,164,167,10,98.2,16.4
PBB Rajapaksa,277,201,13,137.81,21.31
PC Valthaty,505,432,23,116.9,21.96
PD Collingwood,203,159,7,127.67,29.0
PD Salt,653,385,21,169.61,31.1
PJ Cummins,515,359,39,143.45,13.21
PK Garg,273,247,19,110.53,14.37
PP Chawla,624,580,86,107.59,7.26
PP Shaw,1892,1321,79,143.22,23.95
Q de Kock,3160,2410,107,131.12,29.53
R Ashwin,800,698,89,114.61,8.99
R Bhatia,342,290,47,117.93,7.28
R Dhawan,210,188,22,111.7,9.55
R Dravid,2174,1918,82,113.35,26.51
R McLaren,159,178,13,89.33,12.23
R Parag,1173,909,58,129.04,20.22
R Powell,360,254,22,141.73,16.36
R Ravindra,222,146,10,152.05,22.2
R Sathish,270,236,24,114.41,11.25
R Tewatia,1013,788,65,128.55,15.58
R Vinay Kumar,310,289,42,107.27,7.38
RA Jadeja,2959,2378,180,124.43,16.44
RA Tripathi,2236,1650,93,135.52,24.04
RD Chahar,129,127,22,101.57,5.86
RD Gaikwad,2380,1781,65,133.63,36.62
RE van der Merwe,159,144,15,110.42,10.6
RG Sharma,6630,5183,251,127.92,26.41
RJ Harris,117,112,21,104.46,5.57
RJ Quiney,103,105,7,98.1,14.71
RK Singh,893,654,40,136.54,22.32
RM Patidar,799,534,24,149.63,33.29
RN ten Doeschate,326,238,21,136.97,15.52
RR Pant,3297,2296,110,143.6,29.97
RR Rossouw,473,321,22,147.35,21.5
RS Bopara,531,468,22,113.46,24.14
RT Ponting,91,129,9,70.54,10.11
RV Uthappa,4954,3927,197,126.15,25.15
Rahmanullah Gurbaz,289,228,13,126.75,22.23
Ramandeep Singh,170,106,13,160.38,13.08
Rashid Khan,545,355,58,153.52,9.4
S Anirudha,136,121,12,112.4,11.33
S Badrinath,1441,1245,65,115.74,22.17
S Dhawan,6769,5483,221,123.45,30.63
S Dube,1502,1077,61,139.46,24.62
S Gopal,180,173,22,104.05,8.18
S Sohal,368,311,20,118.33,18.4
S Vidyut,145,115,8,126.09,18.12
SA Asnodkar,423,352,19,120.17,22.26
SA Yadav,3594,2522,135,142.51,26.62
SB Styris,131,134,10,97.76,13.1
SC Ganguly,1349,1326,56,101.73,24.09
SD Hope,183,125,9,146.4,20.33
SE Marsh,2489,1913,69,130.11,36.07
SE Rutherford,106,107,9,99.07,11.78
SK Raina,5536,4177,200,132.54,27.68
SK Warne,198,219,27,90.41,7.33
SL Malinga,88,103,20,85.44,4.4
SM Curran,883,673,48,131.2,18.4
SM Katich,241,191,11,126.18,21.91
SM Pollock,147,116,8,126.72,18.38
SN Khan,585,456,36,128.29,16.25
SN Thakur,307,228,35,134.65,8.77
SO Hetmyer,1243,854,65,145.55,19.12
SP Fleming,196,171,10,114.62,19.6
SP Goswami,293,307,21,95.44,13.95
SP Narine,1534,984,106,155.89,14.47
SPD Smith,2495,1999,93,124.81,26.83
SR Tendulkar,2334,2044,78,114.19,29.92
SR Watson,3880,2892,141,134.16,27.52
SS Iyer,3131,2545,114,123.03,27.46
SS Prabhudessai,126,113,10,111.5,12.6
SS Tiwary,1494,1291,73,115.72,20.47
ST Jayasuriya,768,573,30,134.03,25.6
STR Binny,880,700,66,125.71,13.33
SV Samson,4419,3270,162,135.14,27.28
SW Billings,503,399,27,126.07,18.63
Sachin Baby,144,123,11,117.07,13.09
Salman Butt,193,172,7,112.21,27.57
Shahbaz Ahmed,536,467,37,114.78,14.49
Shakib Al Hasan,795,665,52,119.55,15.29
Shashank Singh,423,272,19,155.51,22.26
Shubman Gill,3216,2432,99,132.24,32.48
Sikandar Raza,182,143,9,127.27,20.22
T Stubbs,405,239,17,169.46,23.82
TG Southee,120,108,19,111.11,6.32
TH David,659,417,35,158.03,18.83
TK Curran,127,108,10,117.59,12.7
TL Suman,676,587,39,115.16,17.33
TM Dilshan,1153,1047,50,110.12,23.06
TM Head,772,458,25,168.56,30.88
Tilak Varma,1156,830,38,139.28,30.42
UBT Chand,300,314,20,95.54,15.0
UT Khawaja,127,105,6,120.95,21.17
UT Yadav,208,211,48,98.58,4.33
V Kohli,8014,6236,244,128.51,32.84
V Sehwag,2728,1833,104,148.83,26.23
V Shankar,1115,890,58,125.28,19.22
VR Iyer,1326,1000,49,132.6,27.06
VVS Laxman,282,271,20,104.06,14.1
W Jaffer,130,129,8,100.78,16.25
WG Jacks,230,133,8,172.93,28.75
WP Saha,2934,2368,143,123.9,20.52
Washington Sundar,378,341,38,110.85,9.95
Y Nagar,285,271,20,105.17,14.25
Y Venugopal Rao,985,865,52,113.87,18.94
YBK Jaiswal,1607,1095,52,146.76,30.9
YK Pathan,3222,2334,153,138.05,21.06
YV Takawale,192,183,10,104.92,19.2
Yuvraj Singh,2754,2207,126,124.78,21.86
Z Khan,117,141,27,82.98,4.33
