bowler,runs_conceded,balls_bowled,wickets,matches,economy,bowling_avg,bowling_sr
A Ashish Reddy,400,270,19,20,8.89,21.05,14.21
A Chandila,245,234,11,12,6.28,22.27,21.27
A Kumble,1089,983,49,42,6.65,22.22,20.06
A Mishra,4193,3444,183,162,7.3,22.91,18.82
A Mithun,477,312,8,16,9.17,59.62,39.0
A Nehra,2537,1974,121,88,7.71,20.97,16.31
A Nortje,1614,1097,62,46,8.83,26.03,17.69
A Singh,639,486,31,23,7.89,20.61,15.68
A Symonds,694,540,23,30,7.71,30.17,23.48
A Zampa,562,425,30,20,7.93,18.73,14.17
AA Chavan,339,255,8,13,7.98,42.38,31.88
AB Agarkar,1174,820,33,42,8.59,35.58,24.85
AB Dinda,2103,1589,82,75,7.94,25.65,19.38
AB McDonald,263,188,14,10,8.39,18.79,13.43
AC Thomas,416,327,16,15,7.63,26.0,20.44
AD Mascarenhas,365,310,19,13,7.06,19.21,16.32
AD Mathews,1095,807,28,44,8.14,39.11,28.82
AD Russell,2691,1771,125,112,9.12,21.53,14.17
AF Milne,339,217,9,10,9.37,37.67,24.11
AG Murtaza,322,269,12,12,7.18,26.83,22.42
AJ Tye,1005,714,48,30,8.45,20.94,14.88
AK Markram,173,123,2,14,8.44,86.5,61.5
AM Nayar,323,239,9,19,8.11,35.89,26.56
AM Salvi,205,156,7,7,7.88,29.29,22.29
AN Ahmed,515,362,15,17,8.54,34.33,24.13
AR Patel,3824,3152,131,148,7.28,29.19,24.06
AS Joseph,707,454,22,22,9.34,32.14,20.64
AS Rajpoot,844,567,24,29,8.93,35.17,23.62
AS Roy,191,142,6,9,8.07,31.83,23.67
Abhishek Sharma,396,278,11,26,8.55,36.0,25.27
Akash Deep,324,175,8,8,11.11,40.5,21.88
Akash Madhwal,431,279,22,13,9.27,19.59,12.68
Akash Singh,227,141,5,7,9.66,45.4,28.2
Anand Rajan,206,162,10,8,7.63,20.6,16.2
Ankit Sharma,453,375,12,21,7.25,37.75,31.25
Anureet Singh,636,430,21,22,8.87,30.29,20.48
Arshad Khan,282,153,6,9,11.06,47.0,25.5
Arshdeep Singh,2097,1453,84,65,8.66,24.96,17.3
Avesh Khan,2010,1390,81,62,8.68,24.81,17.16
Azhar Mahmood,707,552,31,23,7.68,22.81,17.81
Azmatullah Omarzai,194,131,4,7,8.89,48.5,32.75
B Akhil,246,193,7,13,7.65,35.14,27.57
B Kumar,5051,4060,195,176,7.46,25.9,20.82
B Laughlin,284,179,10,9,9.52,28.4,17.9
B Lee,1126,916,30,38,7.38,37.53,30.53
B Stanlake,200,150,7,6,8.0,28.57,21.43
BA Bhatt,408,303,13,15,8.08,31.38,23.31
BA Stokes,1023,723,31,38,8.49,33.0,23.32
BAW Mendis,306,248,9,10,7.4,34.0,27.56
BB Sran,767,516,20,24,8.92,38.35,25.8
BCJ Cutting,430,288,12,17,8.96,35.83,24.0
BE Hendricks,239,157,11,7,9.13,21.73,14.27
BJ Hodge,310,238,18,20,7.82,17.22,13.22
BW Hilfenhaus,497,390,23,17,7.65,21.61,16.96
Basil Thampi,862,539,26,25,9.6,33.15,20.73
Bipul Sharma,581,436,22,28,8.0,26.41,19.82
C Green,675,462,20,29,8.77,33.75,23.1
C Sakariya,610,460,20,19,7.96,30.5,23.0
C de Grandhomme,323,230,7,19,8.43,46.14,32.86
CH Gayle,755,584,19,38,7.76,39.74,30.74
CH Morris,2377,1801,107,81,7.92,22.21,16.83
CJ Anderson,525,315,14,22,10.0,37.5,22.5
CJ Jordan,1111,717,36,34,9.3,30.86,19.92
CK Langeveldt,199,165,13,7,7.24,15.31,12.69
CR Brathwaite,384,266,16,16,8.66,24.0,16.62
CR Woakes,674,463,31,21,8.73,21.74,14.94
CRD Fernando,306,249,19,10,7.37,16.11,13.11
CV Varun,2042,1624,85,70,7.54,24.02,19.11
D Pretorius,242,166,7,7,8.75,34.57,23.71
D Wiese,447,307,17,15,8.74,26.29,18.06
DE Bollinger,716,600,43,27,7.16,16.65,13.95
DJ Bravo,4436,3296,207,158,8.08,21.43,15.92
DJ Hooda,535,384,10,33,8.36,53.5,38.4
DJ Hussey,485,323,10,26,9.01,48.5,32.3
DJ Willey,277,221,7,11,7.52,39.57,31.57
DJG Sammy,354,244,14,19,8.7,25.29,17.43
DL Chahar,2243,1746,79,81,7.71,28.39,22.1
DL Vettori,894,785,34,34,6.83,26.29,23.09
DP Nannes,815,689,38,29,7.1,21.45,18.13
DP Vijaykumar,205,159,4,9,7.74,51.25,39.75
DR Sams,528,389,15,16,8.14,35.2,25.93
DR Smith,825,557,27,46,8.89,30.56,20.63
DS Kulkarni,2513,1876,91,92,8.04,27.62,20.62
DT Christian,1218,922,40,49,7.93,30.45,23.05
DW Steyn,2583,2282,105,95,6.79,24.6,21.73
FH Edwards,160,150,6,6,6.4,26.67,25.0
Fazalhaq Farooqi,229,162,6,7,8.48,38.17,27.0
G Coetzee,357,216,13,10,9.92,27.46,16.62
GB Hogg,585,466,25,21,7.53,23.4,18.64
GC Viljoen,229,146,8,6,9.41,28.62,18.25
GD McGrath,366,329,14,14,6.67,26.14,23.5
GJ Maxwell,1311,965,41,79,8.15,31.98,23.54
HF Gurney,239,169,7,8,8.49,34.14,24.14
HH Pandya,2196,1485,70,93,8.87,31.37,21.21
HR Shokeen,320,213,5,13,9.01,64.0,42.6
HV Patel,3215,2284,151,103,8.45,21.29,15.13
Harbhajan Singh,4101,3496,161,160,7.04,25.47,21.71
Harmeet Singh,747,574,31,28,7.81,24.1,18.52
Harpreet Brar,907,692,25,39,7.86,36.28,27.68
Harshit Rana,590,403,27,19,8.78,21.85,14.93
I Sharma,3255,2429,96,110,8.04,33.91,25.3
I Udana,286,182,8,10,9.43,35.75,22.75
IC Pandey,609,469,19,24,7.79,32.05,24.68
IK Pathan,2711,2113,99,101,7.7,27.38,21.34
IS Sodhi,204,182,9,8,6.73,22.67,20.22
Imran Tahir,1729,1340,86,59,7.74,20.1,15.58
Iqbal Abdulla,1125,943,45,48,7.16,25.0,20.96
J Botha,818,709,27,34,6.92,30.3,26.26
J Little,341,236,13,11,8.67,26.23,18.15
J Suchith,604,434,20,21,8.35,30.2,21.7
J Syed Mohammad,286,196,10,11,8.76,28.6,19.6
J Theron,311,235,13,10,7.94,23.92,18.08
J Yadav,447,398,9,20,6.74,49.67,44.22
JA Morkel,2409,1807,96,87,8.0,25.09,18.82
JC Archer,1210,987,49,40,7.36,24.69,20.14
JD Ryder,314,241,11,16,7.82,28.55,21.91
JD Unadkat,3219,2194,109,104,8.8,29.53,20.13
JDP Oram,362,244,13,14,8.9,27.85,18.77
JDS Neesham,342,222,8,13,9.24,42.75,27.75
JE Taylor,167,122,6,5,8.21,27.83,20.33
JEC Franklin,225,155,9,15,8.71,25.0,17.22
JH Kallis,2348,1799,74,89,7.83,31.73,24.31
JJ Bumrah,3840,3185,182,133,7.23,21.1,17.5
JL Pattinson,321,222,11,10,8.68,29.18,20.18
JO Holder,1489,1049,59,46,8.52,25.24,17.78
JP Behrendorff,563,379,22,17,8.91,25.59,17.23
JP Duminy,847,701,23,49,7.25,36.83,30.48
JP Faulkner,1849,1287,76,60,8.62,24.33,16.93
JR Hazlewood,830,622,36,27,8.01,23.06,17.28
JR Hopes,562,369,14,20,9.14,40.14,26.36
Joginder Sharma,421,272,13,15,9.29,32.38,20.92
K Gowtham,825,599,22,35,8.26,37.5,27.23
K Kartikeya,334,241,10,12,8.32,33.4,24.1
K Khejroliya,221,129,5,7,10.28,44.2,25.8
K Rabada,2652,1907,126,80,8.34,21.05,15.13
KA Jamieson,271,179,9,9,9.08,30.11,19.89
KA Pollard,2200,1586,81,107,8.32,27.16,19.58
KC Cariappa,349,224,8,11,9.35,43.62,28.0
KH Pandya,2644,2183,80,117,7.27,33.05,27.29
KK Ahmed,1918,1345,78,57,8.56,24.59,17.24
KK Cooper,789,600,36,25,7.89,21.92,16.67
KL Nagarkoti,287,185,5,11,9.31,57.4,37.0
KM Asif,232,143,7,7,9.73,33.14,20.43
KMA Paul,239,180,10,8,7.97,23.9,18.0
KP Appanna,291,222,11,13,7.86,26.45,20.18
KP Pietersen,218,180,9,13,7.27,24.22,20.0
KR Sen,396,255,14,12,9.32,28.29,18.21
KV Sharma,2130,1520,82,82,8.41,25.98,18.54
KW Richardson,479,345,21,15,8.33,22.81,16.43
Kamran Khan,248,177,14,9,8.41,17.71,12.64
Karanveer Singh,323,213,14,9,9.1,23.07,15.21
Kartik Tyagi,720,458,16,20,9.43,45.0,28.62
Kuldeep Yadav,2413,1786,90,82,8.11,26.81,19.84
L Balaji,2083,1574,85,73,7.94,24.51,18.52
L Ngidi,460,342,28,14,8.07,16.43,12.21
LE Plunkett,228,154,4,7,8.88,57.0,38.5
LH Ferguson,1451,1002,57,45,8.69,25.46,17.58
LR Shukla,458,326,17,27,8.43,26.94,19.18
LS Livingstone,395,267,11,22,8.88,35.91,24.27
Lalit Yadav,430,294,11,19,8.78,39.09,26.73
M Ashwin,1182,898,35,44,7.9,33.77,25.66
M Jansen,732,487,22,21,9.02,33.27,22.14
M Kartik,1418,1182,39,55,7.2,36.36,30.31
M Markande,1081,737,37,37,8.8,29.22,19.92
M Morkel,2136,1699,88,70,7.54,24.27,19.31
M Muralitharan,1765,1581,67,66,6.7,26.34,23.6
M Ntini,257,213,8,9,7.24,32.12,26.62
M Pathirana,617,503,38,20,7.36,16.24,13.24
M Prasidh Krishna,1741,1231,54,51,8.49,32.24,22.8
M Theekshana,814,631,25,27,7.74,32.56,25.24
MA Starc,1175,879,59,39,8.02,19.92,14.9
MA Wood,192,127,11,5,9.07,17.45,11.55
MC Henriques,1302,979,46,60,7.98,28.3,21.28
MF Maharoof,532,441,33,20,7.24,16.12,13.36
MG Johnson,1740,1301,66,54,8.02,26.36,19.71
MJ McClenaghan,1839,1346,75,56,8.2,24.52,17.95
MJ Santner,428,370,16,18,6.94,26.75,23.12
MM Ali,900,770,40,52,7.01,22.5,19.25
MM Patel,1733,1382,82,63,7.52,21.13,16.85
MM Sharma,3278,2308,147,111,8.52,22.3,15.7
MN Samuels,285,219,10,11,7.81,28.5,21.9
MP Stoinis,1300,831,45,62,9.39,28.89,18.47
MR Marsh,803,593,37,34,8.12,21.7,16.03
MS Gony,1317,925,39,44,8.54,33.77,23.72
Mayank Dagar,205,138,2,8,8.91,102.5,69.0
Mohammad Asif,307,199,9,8,9.26,34.11,22.11
Mohammad Nabi,527,419,15,23,7.55,35.13,27.93
Mohammed Shami,3486,2521,144,110,8.3,24.21,17.51
Mohammed Siraj,2894,2081,96,93,8.34,30.15,21.68
Mohsin Khan,698,507,27,23,8.26,25.85,18.78
Mujeeb Ur Rahman,598,452,20,19,7.94,29.9,22.6
Mukesh Choudhary,452,298,16,14,9.1,28.25,18.62
Mukesh Kumar,707,420,31,20,10.1,22.81,13.55
Mustafizur Rahman,1792,1353,70,57,7.95,25.6,19.33
N Rana,253,185,10,24,8.21,25.3,18.5
N Thushara,259,172,8,7,9.03,32.38,21.5
NLTC Perera,1031,715,37,36,8.65,27.86,19.32
NM Coulter-Nile,1125,892,52,38,7.57,21.63,17.15
NT Ellis,514,365,19,16,8.45,27.05,19.21
Navdeep Saini,968,682,26,31,8.52,37.23,26.23
Naveen-ul-Haq,602,407,26,17,8.87,23.15,15.65
Noor Ahmad,672,513,24,23,7.86,28.0,21.38
OC McCoy,255,180,11,8,8.5,23.18,16.36
P Amarnath,241,132,7,6,10.95,34.43,18.86
P Awana,1046,774,43,33,8.11,24.33,18.0
P Kumar,3342,2637,102,119,7.6,32.76,25.85
P Negi,954,733,38,42,7.81,25.11,19.29
P Parameswaran,226,159,9,8,8.53,25.11,17.67
PC Valthaty,207,153,7,10,8.12,29.57,21.86
PJ Cummins,1976,1370,66,58,8.65,29.94,20.76
PJ Sangwan,1267,905,44,42,8.4,28.8,20.57
PP Chawla,5179,3895,201,191,7.98,25.77,19.38
PP Ojha,2399,1945,99,90,7.4,24.23,19.65
PV Tambe,866,674,28,33,7.71,30.93,24.07
PVD Chameera,442,297,11,13,8.93,40.18,27.0
PWH de Silva,758,557,36,26,8.17,21.06,15.47
Pankaj Singh,472,311,11,17,9.11,42.91,28.27
Parvez Rasool,273,200,4,11,8.19,68.25,50.0
R Ashwin,5435,4679,198,208,6.97,27.45,23.63
R Bhatia,2059,1661,82,91,7.44,25.11,20.26
R Dhawan,922,693,27,36,7.98,34.15,25.67
R McLaren,558,372,14,18,9.0,39.86,26.57
R Parag,307,181,5,21,10.18,61.4,36.2
R Rampaul,319,278,17,12,6.88,18.76,16.35
R Sai Kishore,259,191,13,10,8.14,19.92,14.69
R Sathish,233,144,6,14,9.71,38.83,24.0
R Sharma,1100,935,42,44,7.06,26.19,22.26
R Shepherd,260,133,6,8,11.73,43.33,22.17
R Shukla,217,130,7,7,10.02,31.0,18.57
R Tewatia,1117,866,36,52,7.74,31.03,24.06
R Vinay Kumar,3041,2186,127,104,8.35,23.94,17.21
RA Jadeja,4917,3895,169,211,7.57,29.09,23.05
RD Chahar,2165,1697,76,77,7.65,28.49,22.33
RE van der Merwe,515,455,25,21,6.79,20.6,18.2
RG Sharma,462,349,16,32,7.94,28.88,21.81
RJ Harris,1085,865,47,37,7.53,23.09,18.4
RP Meredith,621,415,21,18,8.98,29.57,19.76
RP Singh,2417,1874,100,82,7.74,24.17,18.74
RR Powar,538,443,15,26,7.29,35.87,29.53
RR Raje,214,144,7,10,8.92,30.57,20.57
RS Bopara,301,213,13,14,8.48,23.15,16.38
Rashid Khan,3340,2901,157,121,6.91,21.27,18.48
Rasikh Salam,341,207,9,11,9.88,37.89,23.0
Ravi Bishnoi,1861,1460,68,65,7.65,27.37,21.47
S Aravind,1057,788,48,38,8.05,22.02,16.42
S Badree,329,263,11,12,7.51,29.91,23.91
S Gopal,1358,1000,53,51,8.15,25.62,18.87
S Kaul,1772,1238,63,55,8.59,28.13,19.65
S Kaushik,304,210,6,10,8.69,50.67,35.0
S Ladda,225,141,5,9,9.57,45.0,28.2
S Lamichhane,297,211,14,9,8.45,21.21,15.07
S Nadeem,1800,1444,54,70,7.48,33.33,26.74
S Randiv,223,180,8,8,7.43,27.88,22.5
S Sandeep Warrier,257,176,8,10,8.76,32.12,22.0
S Sreesanth,1221,947,43,44,7.74,28.4,22.02
S Tyagi,304,220,6,14,8.29,50.67,36.67
SB Bangar,221,153,6,9,8.67,36.83,25.5
SB Jakati,1474,1101,50,57,8.03,29.48,22.02
SB Styris,278,222,9,11,7.51,30.89,24.67
SC Ganguly,370,280,12,20,7.93,30.83,23.33
SE Bond,225,191,9,8,7.07,25.0,21.22
SJ Srivastava,444,306,15,14,8.71,29.6,20.4
SK Raina,1139,930,30,69,7.35,37.97,31.0
SK Trivedi,1944,1557,73,75,7.49,26.63,21.33
SK Warne,1465,1223,60,54,7.19,24.42,20.38
SL Malinga,3486,2974,188,122,7.03,18.54,15.82
SM Curran,1924,1234,62,58,9.35,31.03,19.9
SM Pollock,307,280,13,13,6.58,23.62,21.54
SMSM Senanayake,211,195,9,8,6.49,23.44,21.67
SN Thakur,2908,1979,100,92,8.82,29.08,19.79
SP Narine,4672,4146,200,175,6.76,23.36,20.73
SR Watson,2742,2137,107,105,7.7,25.63,19.97
SS Cottrell,177,131,6,6,8.11,29.5,21.83
ST Jayasuriya,396,301,16,21,7.89,24.75,18.81
STR Binny,763,611,28,63,7.49,27.25,21.82
SW Tait,668,534,26,21,7.51,25.69,20.54
Sandeep Sharma,3758,2925,153,126,7.71,24.56,19.12
Shahbaz Ahmed,850,549,21,42,9.29,40.48,26.14
Shahid Afridi,237,185,9,10,7.69,26.33,20.56
Shakib Al Hasan,1864,1515,71,70,7.38,26.25,21.34
Shivam Mavi,958,687,33,32,8.37,29.03,20.82
Simarjeet Singh,265,193,10,10,8.24,26.5,19.3
Sohail Tanvir,275,265,24,11,6.23,11.46,11.04
Suyash Sharma,381,264,11,13,8.66,34.64,24.0
Swapnil Singh,241,165,7,14,8.76,34.43,23.57
T Natarajan,2001,1401,76,61,8.57,26.33,18.43
T Shamsi,185,120,3,5,9.25,61.67,40.0
T Thushara,164,144,10,6,6.83,16.4,14.4
TA Boult,3286,2428,128,103,8.12,25.67,18.97
TG Southee,1774,1262,57,54,8.43,31.12,22.14
TK Curran,432,252,13,13,10.29,33.23,19.38
TL Suman,198,152,7,11,7.82,28.29,21.71
TM Dilshan,368,275,5,25,8.03,73.6,55.0
TS Mills,349,218,11,10,9.61,31.73,19.82
TU Deshpande,1275,831,46,36,9.21,27.72,18.07
UT Yadav,4442,3190,163,147,8.35,27.25,19.57
Umar Gul,198,153,14,6,7.76,14.14,10.93
Umran Malik,785,519,31,26,9.08,25.32,16.74
V Kohli,371,264,5,26,8.43,74.2,52.8
V Pratap Singh,300,211,12,9,8.53,25.0,17.58
V Sehwag,236,138,6,15,10.26,39.33,23.0
V Shankar,344,258,12,22,8.0,28.67,21.5
VG Arora,598,418,20,20,8.58,29.9,20.9
VR Aaron,1527,1065,46,50,8.6,33.2,23.15
VRV Singh,549,371,16,18,8.88,34.31,23.19
VS Malik,268,212,6,13,7.58,44.67,35.33
VY Mahesh,511,359,22,17,8.54,23.23,16.32
Vijaykumar Vyshak,396,243,17,11,9.78,23.29,14.29
WD Parnell,968,758,40,33,7.66,24.2,18.95
WPUJC Vaas,364,288,22,13,7.58,16.55,13.09
Washington Sundar,1335,1064,39,58,7.53,34.23,27.28
Y Venugopal Rao,338,222,7,20,9.14,48.29,31.71
YA Abdulla,311,222,15,11,8.41,20.73,14.8
YK Pathan,1443,1184,46,82,7.31,31.37,25.74
YS Chahal,4681,3628,213,159,7.74,21.98,17.03
Yash Dayal,933,615,31,28,9.1,30.1,19.84
Yash Thakur,702,432,27,19,9.75,26.0,16.0
Yuvraj Singh,1091,882,39,73,7.42,27.97,22.62
Z Khan,2860,2276,119,99,7.54,24.03,19.13
